,N,size,br_hrane_po_stepenu,br_stepena_otrovnosti,agent_memory_size,agent_walk_energy
0,0.44484999999999997,0.7552,0.2944,0.3248,0.0689,0.9935
1,0.43515,0.8702,0.2646,0.17559999999999998,0.07855000000000001,1.0
2,0.41295000000000004,0.9022,0.23535,0.04215,0.0577,1.0
3,0.4383,0.9127,0.21330000000000002,0.0199,0.022099999999999998,1.0
4,0.44025,0.92315,0.166,0.0099,0.04455,1.0
5,0.44215,0.9268,0.16695,0.0,0.05085,1.0
6,0.4314,0.9291,0.1381,0.0,0.0444,1.0
7,0.42805,0.9304,0.13085,0.0,0.05275,1.0
8,0.42414999999999997,0.9302,0.12765,0.03,0.03055,1.0
9,0.426,0.93175,0.11424999999999999,0.0198,0.05095,1.0
10,0.412,0.93155,0.12975,0.0,0.03695,1.0
11,0.4208,0.9309499999999999,0.1139,0.0,0.0367,1.0
12,0.4213,0.93075,0.031400000000000004,0.0,0.06185,1.0
13,0.4142,0.9303,0.0264,0.0,0.02545,1.0
14,0.4281,0.93085,0.0296,0.01,0.0039,1.0
15,0.4281,0.9309,0.02,0.0,0.0477,1.0
16,0.4352,0.9307,0.0,0.01,0.032049999999999995,1.0
17,0.427,0.9306,0.0,0.01,0.0238,1.0
18,0.431,0.93005,0.02,0.0,0.044149999999999995,1.0
19,0.4265,0.9319,0.0,0.0,0.059199999999999996,1.0
20,0.419,0.93,0.0,0.0137,0.04775,1.0
21,0.4273,0.9308,0.01,0.0,0.0281,1.0
22,0.4183,0.9304,0.0,0.02,0.04285,1.0
23,0.432,0.93125,0.0,0.0,0.037899999999999996,1.0
24,0.55515,0.2448,0.7056,0.6752,0.9311,0.0065
25,0.4853,0.8405,0.4144,0.3329,0.38284999999999997,0.996
26,0.47404999999999997,0.9455,0.36895,0.0638,0.2661,1.0
27,0.5223,0.9727,0.33375,0.0202,0.17585,1.0
28,0.5234,0.9862,0.27049999999999996,0.01,0.18355000000000002,1.0
29,0.5417,0.9908,0.2832,0.0,0.11795,1.0
30,0.5246,0.99295,0.24860000000000002,0.0,0.12,1.0
31,0.5105999999999999,0.9947,0.22294999999999998,0.0,0.12185,1.0
32,0.5081,0.99445,0.2352,0.03,0.0995,1.0
33,0.509,0.9961,0.20335,0.01965,0.11689999999999999,1.0
34,0.4744,0.9951,0.21905,0.0,0.1101,1.0
35,0.495,0.9971,0.19219999999999998,0.0,0.11910000000000001,1.0
36,0.5034,0.9977,0.04745,0.0,0.10825,1.0
37,0.4831,0.9969,0.0413,0.0,0.0945,1.0
38,0.51455,0.9979,0.0303,0.01,0.06570000000000001,1.0
39,0.5209,0.99815,0.0201,0.0,0.11845,1.0
40,0.53915,0.9981,0.0001,0.01,0.11864999999999999,1.0
41,0.5149,0.99855,0.0,0.01,0.1421,1.0
42,0.5264,0.9991,0.0199,0.0,0.11545,1.0
43,0.5137,0.9991,0.0,0.0,0.1631,1.0
44,0.4945,0.9996,0.0,0.0158,0.0903,1.0
45,0.5177,0.9996,0.0099,0.0,0.09625,1.0
46,0.4959,0.9994,0.0,0.02,0.1285,1.0
47,0.5303,0.9998,0.0,0.0,0.1018,1.0
48,0.56485,0.1298,0.7353999999999999,0.8244,0.92145,0.0
49,0.5146999999999999,0.1595,0.5856,0.6671,0.61715,0.004
50,0.4879,0.77195,0.4612,0.1049,0.39075,0.9998
51,0.5383,0.8676,0.4313,0.0236,0.2805,1.0
52,0.54225,0.9123,0.3607,0.0099,0.2818,1.0
53,0.56365,0.93445,0.38705,0.0,0.20045,1.0
54,0.5445,0.94775,0.34700000000000003,0.0,0.1913,1.0
55,0.52945,0.95805,0.31639999999999996,0.0,0.18655,1.0
56,0.52415,0.9586,0.33254999999999996,0.03,0.15325000000000003,1.0
57,0.5243,0.96795,0.29109999999999997,0.0199,0.1729,1.0
58,0.49005,0.9642,0.31555,0.0,0.1629,1.0
59,0.5095,0.9768,0.2765,0.0,0.1771,1.0
60,0.51845,0.9819,0.0801,0.0,0.15435000000000001,1.0
61,0.4961,0.9753499999999999,0.0745,0.0,0.1473,1.0
62,0.53105,0.9818,0.0369,0.0099,0.1143,1.0
63,0.5354,0.9817,0.0222,0.0,0.1518,1.0
64,0.5559499999999999,0.9849,0.003,0.01,0.1636,1.0
65,0.5313,0.9848,0.0006,0.01,0.18615,1.0
66,0.5439,0.9898,0.02,0.0,0.15059999999999998,1.0
67,0.5307,0.98825,0.0004,0.0,0.20265,1.0
68,0.508,0.9928,0.0,0.018,0.1305,1.0
69,0.5301,0.9923,0.0099,0.0,0.13245,1.0
70,0.5075,0.99305,0.0,0.02,0.17225000000000001,1.0
71,0.5475,0.9939,0.0,0.0,0.13405,1.0
72,0.58705,0.0978,0.7646499999999999,0.95785,0.9423,0.0
73,0.52595,0.0545,0.63105,0.9362,0.7339,0.0
74,0.5121,0.22805,0.5388,0.8951,0.60925,0.0002
75,0.5536,0.6602,0.47345,0.1219,0.371,0.9997
76,0.5657,0.77015,0.39749999999999996,0.0247,0.3648,1.0
77,0.58225,0.83065,0.42765,0.0119,0.27565,1.0
78,0.56195,0.8674499999999999,0.38634999999999997,0.0185,0.25234999999999996,1.0
79,0.5392,0.8969,0.35375,0.004,0.2443,1.0
80,0.5218,0.8996,0.37005,0.0338,0.2049,1.0
81,0.5241,0.9214,0.32595,0.0201,0.22585,1.0
82,0.48545,0.914,0.35605,0.0,0.20909999999999998,1.0
83,0.4972,0.93845,0.31384999999999996,0.0,0.22625,1.0
84,0.51125,0.94755,0.0953,0.0,0.1976,1.0
85,0.4806,0.93855,0.0841,0.0,0.19675,1.0
86,0.52685,0.9477,0.039,0.01,0.15664999999999998,1.0
87,0.5285,0.9475,0.0239,0.0,0.1841,1.0
88,0.5522,0.956,0.0047,0.01,0.20425,1.0
89,0.5222,0.9551499999999999,0.0012,0.01,0.2268,1.0
90,0.5437,0.96185,0.0205,0.0,0.18715,1.0
91,0.5234,0.9627,0.0008,0.0,0.23775,1.0
92,0.48564999999999997,0.96575,0.0,0.0195,0.16635,1.0
93,0.5089,0.96745,0.0101,0.0,0.17015,1.0
94,0.4861,0.9686,0.0,0.02,0.21415,1.0
95,0.5383,0.97105,0.0,0.0,0.16485,1.0
96,0.5617,0.0873,0.7867,0.9801,0.9779,0.0
97,0.4777,0.0273,0.66625,0.9798,0.82415,0.0
98,0.4617,0.1324,0.5687,0.9764,0.7194999999999999,0.0
99,0.4464,0.3398,0.52655,0.8781,0.629,0.0003
100,0.5115,0.64585,0.42474999999999996,0.1865,0.4863,1.0
101,0.52715,0.7394999999999999,0.46249999999999997,0.1261,0.39905,1.0
102,0.5036,0.79885,0.4173,0.136,0.3587,1.0
103,0.48095,0.8401,0.3777,0.0498,0.35355,1.0
104,0.4649,0.8563,0.39805,0.0582,0.30779999999999996,1.0
105,0.466,0.88505,0.3564,0.0328,0.31315,1.0
106,0.4239,0.8714999999999999,0.38939999999999997,0.0122,0.30674999999999997,1.0
107,0.4416,0.9047999999999999,0.33940000000000003,0.0084,0.31455,1.0
108,0.4517,0.9203,0.1136,0.0121,0.27114999999999995,1.0
109,0.423,0.9079499999999999,0.0948,0.0012,0.2908,1.0
110,0.469,0.91855,0.0402,0.0107,0.23979999999999999,1.0
111,0.4753,0.91885,0.0253,0.0,0.24359999999999998,1.0
112,0.4999,0.9289,0.0061,0.0133,0.28669999999999995,1.0
113,0.4672,0.9250999999999999,0.002,0.01,0.3069,1.0
114,0.4878,0.93695,0.0209,0.0014,0.256,1.0
115,0.46555,0.93255,0.0018,0.0,0.30435,1.0
116,0.4272,0.94155,0.0004,0.0198,0.246,1.0
117,0.4605,0.94525,0.0106,0.0,0.2489,1.0
118,0.4316,0.9427,0.0001,0.02,0.28719999999999996,1.0
119,0.48485,0.9498500000000001,0.0002,0.0,0.24195,1.0
120,0.55975,0.07684999999999999,0.834,0.9901,0.95545,0.0
121,0.4766,0.0138,0.7295,0.99,0.8164499999999999,0.0
122,0.45775,0.0877,0.6393,0.9901,0.7182,0.0
123,0.4343,0.22985,0.6024999999999999,0.9753,0.6352,0.0
124,0.4885,0.35415,0.5752499999999999,0.8135,0.5137,0.0
125,0.5134,0.62115,0.5365,0.3876,0.4214,0.9986
126,0.48675,0.7041499999999999,0.49135,0.3498,0.37755,1.0
127,0.4698,0.7639999999999999,0.4552,0.192,0.37770000000000004,1.0
128,0.4532,0.7891499999999999,0.47025,0.1233,0.33935,1.0
129,0.4569,0.8343499999999999,0.4277,0.081,0.33735,1.0
130,0.4135,0.8176,0.46275,0.0502,0.32885,1.0
131,0.4281,0.8709,0.41195,0.0235,0.32975,1.0
132,0.4459,0.89225,0.1493,0.0448,0.2937,1.0
133,0.4121,0.8757499999999999,0.1198,0.0073,0.3126,1.0
134,0.4603,0.89235,0.05,0.02,0.26175,1.0
135,0.458,0.8946999999999999,0.0295,0.0098,0.26234999999999997,1.0
136,0.4817,0.9073,0.0101,0.0269,0.3047,1.0
137,0.4527,0.9049999999999999,0.0029,0.0154,0.32585,1.0
138,0.4691,0.92035,0.0219,0.0092,0.27875,1.0
139,0.4544,0.9160499999999999,0.0027,0.0021,0.31825,1.0
140,0.4206,0.9282,0.0012,0.0215,0.2708,1.0
141,0.4418,0.92865,0.0114,0.0,0.27015,1.0
142,0.42225,0.9290999999999999,0.0003,0.02,0.30495,1.0
143,0.4667,0.9341999999999999,0.0006,0.0,0.26605,1.0
144,0.55785,0.0732,0.83305,1.0,0.9491499999999999,0.0
145,0.4583,0.0092,0.7168,1.0,0.88205,0.0
146,0.43635,0.06555,0.61295,1.0,0.79955,0.0
147,0.41775,0.16935,0.57235,0.9881,0.72435,0.0
148,0.47285,0.2605,0.5375,0.8739,0.60095,0.0
149,0.4866,0.37885,0.46349999999999997,0.6124,0.5786,0.0014
150,0.4702,0.59885,0.45585000000000003,0.454,0.44684999999999997,0.9999
151,0.44265,0.66965,0.4138,0.2789,0.4381,1.0
152,0.42314999999999997,0.6900000000000001,0.4355,0.176,0.38684999999999997,1.0
153,0.4277,0.7568,0.39375,0.1103,0.38365,1.0
154,0.37885,0.7339,0.42155,0.0727,0.38095,1.0
155,0.39025,0.81095,0.37584999999999996,0.0404,0.3888,1.0
156,0.4123,0.8391500000000001,0.12455,0.0685,0.3314,1.0
157,0.3752,0.81355,0.1013,0.0167,0.36645,1.0
158,0.4255,0.8417,0.0414,0.0277,0.30484999999999995,1.0
159,0.4263,0.844,0.027,0.0168,0.29025,1.0
160,0.4543,0.8636,0.0088,0.0358,0.3452,1.0
161,0.4219,0.8615999999999999,0.0028,0.0202,0.36774999999999997,1.0
162,0.4436,0.8835999999999999,0.021,0.0145,0.31039999999999995,1.0
163,0.42055,0.8818,0.0019,0.0112,0.3523,1.0
164,0.3783,0.8968,0.0,0.0247,0.30779999999999996,1.0
165,0.399,0.9008999999999999,0.0098,0.0014,0.3076,1.0
166,0.3767,0.89935,0.0,0.0214,0.3438,1.0
167,0.4336,0.9104000000000001,0.0,0.0,0.2959,1.0
168,0.5686,0.0709,0.8619,1.0,0.9556,0.0
169,0.4754,0.00705,0.7514,1.0,0.88,0.0
170,0.4555,0.052250000000000005,0.6529999999999999,1.0,0.8087,0.0
171,0.43805,0.13255,0.61365,0.9815,0.7476499999999999,0.0
172,0.4964,0.20115000000000002,0.5827,0.864,0.6413,0.0
173,0.51325,0.29585,0.50865,0.6502,0.62245,0.0
174,0.5298,0.40115,0.5441499999999999,0.546,0.5531499999999999,0.0001
175,0.47304999999999997,0.56935,0.45949999999999996,0.3272,0.49755,1.0
176,0.4531,0.58225,0.48109999999999997,0.208,0.45495,1.0
177,0.4531,0.65925,0.43895,0.1276,0.4356,1.0
178,0.4071,0.6262,0.46825,0.083,0.43674999999999997,1.0
179,0.4169,0.7200000000000001,0.41855,0.0489,0.43195,1.0
180,0.4347,0.75935,0.15875,0.0794,0.3817,1.0
181,0.3984,0.726,0.1223,0.0252,0.42364999999999997,1.0
182,0.4568,0.7594500000000001,0.0503,0.0332,0.34995,1.0
183,0.4601,0.75635,0.0312,0.0221,0.33485,1.0
184,0.4884,0.7898,0.0107,0.0404,0.3977,1.0
185,0.447,0.7816,0.004,0.0233,0.41595,1.0
186,0.4748,0.8132,0.0229,0.0178,0.3581,1.0
187,0.4471,0.8065,0.004,0.0182,0.39105,1.0
188,0.4035,0.83095,0.0015,0.0279,0.36169999999999997,1.0
189,0.4364,0.8429,0.0118,0.0034,0.36095,1.0
190,0.40375,0.83625,0.0005,0.0233,0.3861,1.0
191,0.4718,0.8538,0.0011,0.0,0.3464,1.0
192,0.57195,0.0696,0.86915,1.0,0.94725,0.0
193,0.4894,0.0053,0.77705,1.0,0.87815,0.0
194,0.47054999999999997,0.04195,0.6836,1.0,0.81345,0.0
195,0.4608,0.10310000000000001,0.64625,0.996,0.7556999999999999,0.0
196,0.51905,0.1599,0.6223,0.9502,0.64645,0.0
197,0.5302,0.236,0.5448,0.808,0.6223,0.0
198,0.55735,0.33035000000000003,0.5861999999999999,0.7211,0.5619,0.0
199,0.52695,0.43065,0.5405,0.6728,0.50245,0.0
200,0.4873,0.5125000000000001,0.51895,0.3429,0.45315,0.9985
201,0.4845,0.5991000000000001,0.47759999999999997,0.211,0.43934999999999996,1.0
202,0.4394,0.5544,0.5088,0.1423,0.44005,1.0
203,0.4624,0.6596,0.46015,0.1108,0.44,1.0
204,0.4734,0.7113499999999999,0.18425,0.1374,0.38265,1.0
205,0.4384,0.6734,0.14075,0.0605,0.42255,1.0
206,0.4928,0.7109,0.0554,0.0604,0.35714999999999997,1.0
207,0.501,0.6997,0.0344,0.041,0.33399999999999996,1.0
208,0.52995,0.7497,0.0155,0.0609,0.4002,1.0
209,0.4905,0.73365,0.005,0.032,0.4182,1.0
210,0.5138,0.77935,0.0238,0.0281,0.361,1.0
211,0.4888,0.76125,0.0057,0.0419,0.3956,1.0
212,0.44875,0.7978,0.0018,0.0383,0.3625,1.0
213,0.4891,0.8067500000000001,0.0121,0.0125,0.364,1.0
214,0.4514,0.80895,0.0006,0.0316,0.38339999999999996,1.0
215,0.51535,0.8312,0.0014,0.0019,0.35085,1.0
216,0.57585,0.0698,0.87235,0.97,0.96945,0.0
217,0.4919,0.005549999999999999,0.7648,0.97,0.9005,0.0
218,0.47585,0.0414,0.66745,0.97,0.84675,0.0
219,0.4782,0.1004,0.62995,0.9662,0.7951,0.0
220,0.5351,0.1437,0.60195,0.9418,0.6921999999999999,0.0
221,0.5468,0.21084999999999998,0.5297499999999999,0.8767,0.66065,0.0
222,0.57685,0.31,0.5645,0.824,0.61315,0.0
223,0.5469,0.41775,0.5189,0.792,0.54505,0.0
224,0.5127,0.4875,0.48105,0.6571,0.54685,0.0015
225,0.4974,0.5943499999999999,0.4582,0.345,0.47919999999999996,0.9976
226,0.4508,0.5529,0.48769999999999997,0.2484,0.48319999999999996,1.0
227,0.46815,0.66875,0.43895,0.2278,0.47290000000000004,1.0
228,0.484,0.71655,0.1689,0.2347,0.414,1.0
229,0.4513,0.6757500000000001,0.1285,0.1317,0.46305,1.0
230,0.5029,0.72135,0.0514,0.1068,0.391,1.0
231,0.5159,0.7158,0.0323,0.081,0.36424999999999996,1.0
232,0.5483,0.75465,0.0136,0.0896,0.43429999999999996,1.0
233,0.5025,0.74905,0.0044,0.0557,0.4532,1.0
234,0.5347,0.791,0.0229,0.0512,0.39715,1.0
235,0.5017,0.7831,0.0046,0.0753,0.42119999999999996,1.0
236,0.45265,0.8155,0.0015,0.0543,0.39875,1.0
237,0.4945,0.82465,0.0117,0.0261,0.4001,1.0
238,0.4535,0.8177,0.0005,0.0437,0.41725,1.0
239,0.5326,0.83705,0.001,0.009,0.387,1.0
240,0.574,0.06824999999999999,0.88575,0.9802,0.94905,0.0
241,0.491,0.0039,0.79665,0.9803499999999999,0.8831,0.0
242,0.4757,0.03205,0.7089,0.9801,0.8271,0.0
243,0.4759,0.0786,0.67405,0.9799,0.77415,0.0
244,0.534,0.11495,0.6436,0.9672,0.68685,0.0
245,0.5431,0.16565,0.5723,0.919,0.66265,0.0
246,0.5723,0.2432,0.60625,0.8897,0.61635,0.0
247,0.5469,0.34075,0.5610499999999999,0.8724,0.5644,0.0
248,0.5155,0.4009,0.5224,0.789,0.56065,0.0
249,0.5026,0.40565,0.5418,0.655,0.5207999999999999,0.0024
250,0.4502,0.45020000000000004,0.53125,0.3825,0.499,0.9998
251,0.4741,0.5665,0.48245,0.3853,0.49015,1.0
252,0.4881,0.62365,0.18835,0.3553,0.443,1.0
253,0.4532,0.5772499999999999,0.1435,0.2276,0.48685,1.0
254,0.508,0.6234999999999999,0.0564,0.1811,0.4138,1.0
255,0.522,0.61305,0.0349,0.1449,0.39665,1.0
256,0.5501,0.66525,0.0149,0.1376,0.46204999999999996,1.0
257,0.5062,0.64735,0.0052,0.0864,0.47359999999999997,1.0
258,0.5349,0.70085,0.0231,0.0806,0.41765,1.0
259,0.5083,0.6812,0.0046,0.1124,0.44125,1.0
260,0.4599,0.7233999999999999,0.0017,0.0782,0.42335,1.0
261,0.5044,0.7360500000000001,0.012,0.0464,0.42125,1.0
262,0.4647,0.73335,0.0005,0.0579,0.43679999999999997,1.0
263,0.5381,0.7603500000000001,0.0012,0.0201,0.40635,1.0
264,0.588,0.06845,0.87025,1.0,0.96305,0.0
265,0.5256,0.0049,0.7809499999999999,1.0,0.8899,0.0
266,0.50995,0.035800000000000005,0.68445,1.0,0.8371,0.0
267,0.51455,0.086,0.64395,1.0,0.7908999999999999,0.0
268,0.5761,0.12849999999999998,0.6106,0.9878,0.69325,0.0
269,0.5865,0.1824,0.53725,0.9498,0.67115,0.0
270,0.62115,0.2661,0.57845,0.9273,0.61905,0.0
271,0.5929,0.3738,0.53175,0.917,0.56325,0.0
272,0.5606,0.4456,0.49119999999999997,0.8577,0.55995,0.0
273,0.5492,0.4471,0.5123,0.7516,0.5167999999999999,0.0
274,0.5498,0.5498000000000001,0.46875,0.6175,0.501,0.0002
275,0.5219,0.62785,0.4462,0.49474999999999997,0.49579999999999996,0.9993
276,0.54265,0.68365,0.1712,0.465,0.44449999999999995,1.0
277,0.5054,0.6336,0.1311,0.3183,0.48765,1.0
278,0.5584,0.69,0.0532,0.2475,0.41545,1.0
279,0.5722,0.6847,0.0319,0.2131,0.39865,1.0
280,0.6023,0.7247,0.0128,0.1867,0.4654,1.0
281,0.5581,0.72275,0.0047,0.1271,0.4742,1.0
282,0.58575,0.7736,0.0231,0.1132,0.4198,1.0
283,0.559,0.76105,0.0044,0.1481,0.44555,1.0
284,0.513,0.80225,0.0016,0.0991,0.42245,1.0
285,0.5535,0.80975,0.0121,0.0639,0.4246,1.0
286,0.5153,0.8047,0.0004,0.071,0.43685,1.0
287,0.5887,0.8284,0.0009,0.036,0.4065,1.0
288,0.5792,0.06905,0.8861,1.0,0.9632999999999999,0.0
289,0.505,0.0029,0.8078,1.0,0.8809,0.0
290,0.4905,0.0232,0.7234999999999999,1.0,0.8229,0.0
291,0.5028,0.06155,0.68615,1.0,0.7737499999999999,0.0
292,0.5584,0.0952,0.6606,0.9916,0.68545,0.0
293,0.5719,0.1291,0.58805,0.9765,0.67025,0.0
294,0.60975,0.18905,0.62415,0.9596,0.6112,0.0
295,0.5831,0.27999999999999997,0.58145,0.9511,0.5680499999999999,0.0
296,0.5376,0.3404,0.5398499999999999,0.8892,0.5599999999999999,0.0
297,0.53185,0.33125,0.56105,0.7722,0.5271,0.0
298,0.5259,0.4335,0.51755,0.6147,0.50985,0.0
299,0.4781,0.37215,0.5538,0.50525,0.5042,0.0007
300,0.5138,0.5618,0.20345,0.4723,0.45385,0.9988
301,0.4795,0.5086499999999999,0.1491,0.3283,0.49779999999999996,1.0
302,0.5364,0.5626500000000001,0.0588,0.2559,0.42255,1.0
303,0.554,0.5432999999999999,0.034,0.2191,0.41295,1.0
304,0.5903,0.60645,0.0167,0.1928,0.47265,1.0
305,0.5388,0.5881500000000001,0.0062,0.1325,0.4828,1.0
306,0.57335,0.64955,0.0241,0.1198,0.42725,1.0
307,0.5353,0.6303,0.0055,0.1567,0.4546,1.0
308,0.4789,0.6777,0.0026,0.1031,0.4348,1.0
309,0.5374,0.6959,0.0129,0.0667,0.433,1.0
310,0.4846,0.68865,0.0008,0.0726,0.44655,1.0
311,0.573,0.7224499999999999,0.0013,0.0369,0.4108,1.0
312,0.5787,0.06924999999999999,0.9686,1.0,0.9381499999999999,0.0
313,0.4966,0.0023,0.95255,1.0,0.89175,0.0
314,0.48155,0.018099999999999998,0.9199,1.0,0.84565,0.0
315,0.48875,0.052450000000000004,0.9047,1.0,0.8024,0.0
316,0.5483,0.07970000000000001,0.8864,0.9879,0.72885,0.0
317,0.5541,0.10775,0.8507,0.9552,0.7063,0.0
318,0.5877,0.16085,0.87545,0.9315,0.6686,0.0
319,0.5653,0.24065,0.8412499999999999,0.9206,0.6183,0.0
320,0.5266,0.28865,0.81575,0.8626,0.61735,0.0
321,0.516,0.28345000000000004,0.8311,0.7653,0.586,0.0
322,0.5119,0.37634999999999996,0.81165,0.6447,0.5569999999999999,0.0
323,0.45735,0.31634999999999996,0.8288,0.535,0.5555,0.0
324,0.4862,0.4382,0.79655,0.5277,0.54615,0.0012
325,0.4619,0.4504,0.3262,0.3541,0.5454,0.9994
326,0.5224,0.5023000000000001,0.1445,0.2893,0.46654999999999996,1.0
327,0.5369,0.47715,0.1051,0.2535,0.44734999999999997,1.0
328,0.5692,0.5495,0.069,0.2116,0.5179,1.0
329,0.5218,0.52075,0.0281,0.1578,0.5266,1.0
330,0.5547,0.5864,0.0407,0.1359,0.471,1.0
331,0.5236,0.56395,0.0246,0.1622,0.48469999999999996,1.0
332,0.4749,0.61345,0.0138,0.1085,0.47414999999999996,1.0
333,0.5225,0.6286999999999999,0.0241,0.0741,0.4794,1.0
334,0.4796,0.6302,0.0039,0.0793,0.482,1.0
335,0.5539,0.6694,0.0096,0.0466,0.45405,1.0
336,0.5858,0.0697,0.9736,1.0,0.97455,0.0
337,0.5169,0.0031,0.9587,1.0,0.9055,0.0
338,0.5039,0.024650000000000002,0.9255,1.0,0.8527,0.0
339,0.5194,0.06145,0.9159,1.0,0.80325,0.0
340,0.577,0.09205,0.9052,0.9988,0.7091999999999999,0.0
341,0.5879,0.12425,0.8802,0.9927,0.6874,0.0
342,0.6248,0.18645,0.8987,0.9833,0.63355,0.0
343,0.6016,0.274,0.8777,0.9748,0.57635,0.0
344,0.5616,0.3266,0.85925,0.9395,0.57745,0.0
345,0.5487,0.32425,0.8715,0.8683,0.53695,0.0
346,0.5468,0.42274999999999996,0.8565,0.7724,0.51315,0.0
347,0.4946,0.3664,0.8689,0.6817,0.51235,0.0
348,0.5205,0.49135,0.8509,0.6717,0.5022,0.0
349,0.5381,0.5496,0.6738,0.6459,0.4546,0.0006
350,0.552,0.55515,0.29685,0.4149,0.42625,0.9988
351,0.5734,0.53585,0.2526,0.3881,0.40575,1.0
352,0.6068,0.5969,0.1632,0.3061,0.47245,1.0
353,0.5602,0.57465,0.0759,0.2403,0.48455,1.0
354,0.5908,0.6378999999999999,0.0745,0.2015,0.4285,1.0
355,0.55975,0.62325,0.0418,0.2402,0.45265,1.0
356,0.504,0.6639999999999999,0.0371,0.1601,0.43524999999999997,1.0
357,0.5496,0.67895,0.043,0.1185,0.43315,1.0
358,0.5061,0.6761499999999999,0.0106,0.1099,0.45125,1.0
359,0.5909,0.71475,0.0253,0.082,0.41865,1.0
360,0.5719,0.06915,0.9704,0.99,0.9961,0.0
361,0.48545,0.0021,0.9697,0.99,0.9343,0.0
362,0.46895,0.0182,0.9631,0.9901,0.8856999999999999,0.0
363,0.47315,0.052300000000000006,0.961,0.99,0.84335,0.0
364,0.531,0.08145,0.9598,0.9893,0.7602,0.0
365,0.5397,0.10765000000000001,0.95,0.98,0.73825,0.0
366,0.5745,0.1583,0.9586,0.9723,0.6951499999999999,0.0
367,0.5432,0.24055,0.9497,0.9668,0.65005,0.0
368,0.5072,0.2891,0.9446,0.9396,0.64285,0.0
369,0.4971,0.27864999999999995,0.9486,0.8932,0.609,0.0
370,0.492,0.3765,0.9436,0.8189,0.5861999999999999,0.0
371,0.4416,0.31,0.9468,0.7525,0.58455,0.0
372,0.4636,0.43735,0.9412,0.7441,0.57745,0.0
373,0.4776,0.4977,0.8555,0.7107,0.53345,0.0
374,0.448,0.44484999999999997,0.7031499999999999,0.5851,0.57375,0.0012
375,0.5144,0.4795,0.4298,0.4651,0.48135,0.9983
376,0.5513,0.5466,0.3192,0.3821,0.5521,1.0
377,0.5008,0.52025,0.1785,0.3172,0.5576,1.0
378,0.5341,0.586,0.1489,0.2649,0.5045499999999999,1.0
379,0.4996,0.5624,0.0946,0.3017,0.5206,1.0
380,0.4476,0.61505,0.085,0.213,0.5054,1.0
381,0.4986,0.6365000000000001,0.0921,0.1681,0.5112,1.0
382,0.4523,0.6244000000000001,0.0287,0.1443,0.5136,1.0
383,0.5349,0.6686500000000001,0.0488,0.1271,0.4861,1.0
384,0.5719,0.0691,0.98,1.0,0.9522999999999999,0.0
385,0.4791,0.0018499999999999999,0.9799,1.0,0.88155,0.0
386,0.4646,0.0183,0.9778,1.0,0.8482,0.0
387,0.4715,0.052500000000000005,0.9761,1.0,0.8159,0.0
388,0.5247,0.08115,0.9747,1.0,0.7564,0.0
389,0.542,0.1053,0.9705,0.9902,0.73765,0.0
390,0.5737,0.156,0.973,0.9832,0.70975,0.0
391,0.5399,0.24364999999999998,0.9688,0.9779,0.66515,0.0
392,0.499,0.30029999999999996,0.9656,0.959,0.666,0.0
393,0.4841,0.2842,0.9677,0.919,0.63575,0.0
394,0.478,0.38695,0.9651,0.8551,0.6033499999999999,0.0
395,0.4278,0.31529999999999997,0.9681,0.7869,0.6013499999999999,0.0
396,0.446,0.4567,0.966,0.7809,0.58705,0.0
397,0.4631,0.52285,0.8949,0.7465,0.55265,0.0
398,0.4266,0.46415,0.7474,0.6119,0.59425,0.0
399,0.4856,0.5205000000000001,0.5702,0.5349,0.5186499999999999,0.0017
400,0.5354,0.5712,0.3701,0.4057,0.56925,0.9969
401,0.4828,0.5474,0.2415,0.3399,0.5732,1.0
402,0.5195,0.6212,0.1949,0.2839,0.5194,1.0
403,0.4833,0.58845,0.1346,0.3237,0.52895,1.0
404,0.4243,0.65405,0.1141,0.2298,0.52905,1.0
405,0.4745,0.6703,0.1163,0.1854,0.52985,1.0
406,0.4283,0.6646,0.0447,0.1571,0.52665,1.0
407,0.5183,0.70245,0.0679,0.1393,0.5061,1.0
408,0.5648,0.0693,1.0,0.99,0.96795,0.0
409,0.46085,0.0019,0.9999,0.99,0.88135,0.0
410,0.44405,0.015099999999999999,0.997,0.99,0.8364,0.0
411,0.4478,0.044,0.9953,0.99,0.79575,0.0
412,0.5001,0.07110000000000001,0.9939,0.9867,0.7132999999999999,0.0
413,0.5183,0.0927,0.9899,0.9731,0.6953,0.0
414,0.5457,0.1364,0.9912,0.9642,0.6547999999999999,0.0
415,0.5116,0.2102,0.9893,0.9596,0.6023,0.0
416,0.47004999999999997,0.2503,0.9845,0.9391,0.5998,0.0
417,0.4517,0.24535,0.9864,0.9104,0.5657,0.0
418,0.4499,0.33475,0.9851,0.8624,0.5379499999999999,0.0
419,0.3977,0.2753,0.9872,0.8133,0.5346,0.0
420,0.4097,0.39355,0.9833,0.8072,0.52735,0.0
421,0.4308,0.4505,0.931,0.7884,0.4821,0.0
422,0.3932,0.40309999999999996,0.8368,0.6939,0.52755,0.0
423,0.4487,0.4534,0.6808,0.6179,0.44789999999999996,0.0
424,0.4646,0.42879999999999996,0.6299,0.5943,0.43075,0.0031
425,0.4488,0.4667,0.3629,0.4377,0.50865,0.9954999999999999
426,0.4862,0.53235,0.3051,0.3796,0.45605,1.0
427,0.4506,0.51835,0.2243,0.4133,0.46975,1.0
428,0.3896,0.55795,0.1782,0.3044,0.46015,1.0
429,0.4366,0.5813,0.1907,0.2593,0.4632,1.0
430,0.3883,0.5740999999999999,0.0929,0.213,0.46995,1.0
431,0.4839,0.625,0.1119,0.2067,0.44184999999999997,1.0
432,0.573,0.0694,1.0,0.99,0.9762,0.0
433,0.4851,0.00145,1.0,0.99,0.8579,0.0
434,0.4687,0.0152,0.9994,0.99,0.81385,0.0
435,0.4778,0.044849999999999994,0.9988,0.99,0.7732,0.0
436,0.5328,0.0749,0.998,0.99,0.6930999999999999,0.0
437,0.5473,0.095,0.9971,0.9846,0.67415,0.0
438,0.5781,0.1384,0.9972,0.9798,0.63225,0.0
439,0.553,0.21839999999999998,0.996,0.9767,0.58405,0.0
440,0.5095,0.26635000000000003,0.995,0.968,0.5818,0.0
441,0.4975,0.25094999999999995,0.9956,0.9443,0.5468,0.0
442,0.4938,0.35265,0.9948,0.9136,0.5264,0.0
443,0.4419,0.27725,0.9953,0.8729,0.5258,0.0
444,0.4612,0.41185,0.9938,0.8675,0.5172,0.0
445,0.4782,0.47925,0.9719,0.8422,0.4734,0.0
446,0.4398,0.42535,0.9241,0.7597,0.51545,0.0
447,0.4992,0.47975,0.8215,0.6828,0.4424,0.0
448,0.5172,0.4526,0.7585,0.6601,0.4268,0.0
449,0.5512,0.5333,0.6371,0.5623,0.49135,0.0045000000000000005
450,0.5346,0.5764,0.4077,0.4268,0.4499,0.9995
451,0.5002,0.5457,0.3223,0.4617,0.46865,1.0
452,0.4421,0.60565,0.2579,0.3478,0.4537,1.0
453,0.4954,0.6242500000000001,0.27165,0.3003,0.45475,1.0
454,0.4477,0.6214,0.1443,0.2495,0.4629,1.0
455,0.53575,0.6676000000000001,0.1581,0.2436,0.4331,1.0
456,0.569,0.06995,0.98,1.0,0.95585,0.0
457,0.4736,0.0009,0.9801,1.0,0.88455,0.0
458,0.4561,0.010199999999999999,0.98,1.0,0.8494,0.0
459,0.4563,0.038149999999999996,0.9795,1.0,0.81285,0.0
460,0.5122,0.06305000000000001,0.9791,0.9986,0.744,0.0
461,0.5309,0.07965,0.9781,0.9908,0.72125,0.0
462,0.5564,0.1164,0.979,0.9855,0.6896,0.0
463,0.5252,0.1868,0.9771,0.9822,0.6419,0.0
464,0.4862,0.22064999999999999,0.9762,0.9719,0.639,0.0
465,0.4653,0.209,0.9771,0.9488,0.60285,0.0
466,0.4651,0.29915,0.9769,0.9194,0.58235,0.0
467,0.41425,0.22640000000000002,0.9769,0.8868,0.5801999999999999,0.0
468,0.42665,0.35045,0.9759,0.8802,0.57275,0.0
469,0.4453,0.4136,0.9593,0.8641,0.529,0.0
470,0.4092,0.36210000000000003,0.9255,0.7985,0.5715,0.0
471,0.4659,0.414,0.8511,0.7351,0.49545,0.0
472,0.4805,0.3788,0.8051,0.7161,0.48059999999999997,0.0
473,0.5138,0.46765,0.6949,0.6204,0.54395,0.0
474,0.4654,0.4236,0.5923,0.5732,0.5501,0.0005
475,0.4656,0.4734,0.3962,0.5242,0.51505,0.9996
476,0.4072,0.5291,0.3208,0.409,0.5049,1.0
477,0.4472,0.5563,0.3377,0.369,0.50515,1.0
478,0.4087,0.5439499999999999,0.1969,0.3112,0.5091,1.0
479,0.4934,0.5982999999999999,0.2016,0.3001,0.4799,1.0
480,0.5735,0.06810000000000001,1.0,1.0,0.9408,0.0
481,0.4863,0.0009,1.0,1.0,0.8369,0.0
482,0.4693,0.01175,0.9996,1.0,0.79735,0.0
483,0.4766,0.0373,0.9992,1.0,0.76225,0.0
484,0.53445,0.06745,0.9982,1.0,0.69565,0.0
485,0.5456,0.08395,0.9973,0.9979,0.68175,0.0
486,0.57945,0.1182,0.9981,0.9888,0.6477,0.0
487,0.5529,0.19349999999999998,0.996,0.9818,0.60895,0.0
488,0.5112,0.23875,0.9943,0.9581,0.6043999999999999,0.0
489,0.4983,0.2169,0.9954,0.9247,0.5788,0.0
490,0.4917,0.31880000000000003,0.9954,0.8876,0.55875,0.0
491,0.441,0.23895,0.9956,0.8519,0.55445,0.0
492,0.4647,0.36970000000000003,0.9945,0.8433,0.5454,0.0
493,0.4764,0.43605,0.9754,0.8378,0.5153,0.0
494,0.44025,0.37675000000000003,0.9582,0.7598,0.54735,0.0
495,0.5004,0.4376,0.9054,0.6983,0.4794,0.0
496,0.5167,0.41155,0.8654,0.6763,0.47104999999999997,0.0
497,0.5494,0.48164999999999997,0.7757,0.5867,0.53025,0.0
498,0.4998,0.4543,0.6777,0.5383,0.53135,0.0
499,0.5344,0.5266000000000001,0.6038,0.4758,0.48495,0.0004
500,0.4427,0.55785,0.376,0.3829,0.49055,0.9992
501,0.4967,0.5807,0.4095,0.3473,0.49405,1.0
502,0.4487,0.56695,0.2731,0.2958,0.4915,1.0
503,0.5335,0.6166499999999999,0.25105,0.2835,0.46909999999999996,1.0
504,0.581,0.07,1.0,0.9863,0.9522499999999999,0.0
505,0.5055,0.0004,1.0,0.9842,0.9097,0.0
506,0.492,0.0072,1.0,0.982,0.8695,0.0
507,0.51435,0.03425,1.0,0.9805,0.83365,0.0
508,0.5728,0.058449999999999995,0.9996,0.9802,0.754,0.0
509,0.5794,0.0718,0.9988,0.9785,0.7292,0.0
510,0.6217,0.1032,1.0,0.9753,0.6921999999999999,0.0
511,0.5965,0.16905,0.9985,0.9721,0.6383,0.0
512,0.55125,0.2022,0.9982,0.9617,0.6375,0.0
513,0.54735,0.1845,0.9985,0.9457,0.60125,0.0
514,0.5401,0.2766,0.9983,0.9218,0.57665,0.0
515,0.487,0.19774999999999998,0.9984,0.9009,0.57755,0.0
516,0.5211,0.3223,0.9974,0.8969,0.5652,0.0
517,0.5251,0.38655,0.9862,0.8915,0.5258499999999999,0.0
518,0.496,0.336,0.9629,0.8399,0.56475,0.0
519,0.5524,0.38495,0.915,0.787,0.4946,0.0
520,0.5757,0.34595000000000004,0.8859,0.7702,0.47095,0.0
521,0.6104,0.44205,0.8218,0.6956,0.5398499999999999,0.0
522,0.5579,0.39435000000000003,0.7421,0.6522,0.5463,0.0
523,0.5928,0.47090000000000004,0.6792,0.591,0.4951,0.0
524,0.5573,0.44215,0.624,0.6171,0.50945,0.0008
525,0.5575,0.53045,0.5039,0.4559,0.5025,0.9984
526,0.507,0.51805,0.3765,0.4021,0.5035499999999999,1.0
527,0.5937,0.5745,0.3339,0.3854,0.48045,1.0
528,0.5727,0.06920000000000001,0.99,1.0,0.9719,0.0
529,0.4823,0.0004,0.9901,1.0,0.9037499999999999,0.0
530,0.4699,0.0077,0.9901,1.0,0.8675499999999999,0.0
531,0.4911,0.03255,0.9899,1.0,0.82985,0.0
532,0.5395,0.05475,0.9894,1.0,0.7511,0.0
533,0.5582,0.07135,0.9886,1.0,0.72985,0.0
534,0.601,0.0991,0.9902,0.9986,0.6924,0.0
535,0.5636,0.15710000000000002,0.9882,0.9966,0.63905,0.0
536,0.5109,0.19325,0.9879,0.9875,0.636,0.0
537,0.5055,0.17535,0.9883,0.9739,0.5999,0.0
538,0.4956,0.26394999999999996,0.988,0.9536,0.57875,0.0
539,0.4465,0.19025,0.9879,0.9361,0.5754,0.0
540,0.4626,0.3041,0.9871,0.9333,0.567,0.0
541,0.4775,0.37129999999999996,0.9759,0.9259,0.5206,0.0
542,0.4504,0.32105,0.957,0.8815,0.56685,0.0
543,0.5014,0.3635,0.9079,0.8319,0.4888,0.0
544,0.5255,0.32970000000000005,0.8837,0.8146,0.47015,0.0
545,0.5634,0.41869999999999996,0.8093,0.7407,0.5368,0.0
546,0.5046,0.37575,0.7283499999999999,0.6997,0.54525,0.0
547,0.5528,0.44370000000000004,0.6623,0.631,0.49485,0.0
548,0.5033,0.4193,0.5905,0.6527,0.50595,0.0
549,0.4425,0.46954999999999997,0.4961,0.5441,0.4975,0.0016
550,0.4399,0.49235,0.3473,0.4331,0.50435,0.9993
551,0.5487,0.54225,0.3401,0.4231,0.4747,1.0
552,0.5817,0.0696,1.0,0.98,0.95715,0.0
553,0.5041,0.0006,1.0,0.98,0.8714999999999999,0.0
554,0.4925,0.00695,1.0,0.98,0.82775,0.0
555,0.5139,0.031400000000000004,1.0,0.98,0.7858499999999999,0.0
556,0.5684,0.0573,0.9999,0.98,0.7128,0.0
557,0.57775,0.07089999999999999,0.9997,0.98,0.69505,0.0
558,0.6233,0.10065,1.0,0.9786,0.6562,0.0
559,0.59625,0.16374999999999998,0.9995,0.9767,0.6139,0.0
560,0.5486,0.19105000000000003,0.9994,0.9684,0.6166,0.0
561,0.5465,0.1823,0.9995,0.9563,0.58275,0.0
562,0.5353,0.26665,0.9995,0.9421,0.5632,0.0
563,0.4847,0.1953,0.9996,0.929,0.56315,0.0
564,0.5154,0.31135,0.9992,0.9274,0.55345,0.0
565,0.5204,0.36979999999999996,0.9961,0.9207,0.518,0.0
566,0.4939,0.32385,0.9894,0.8901,0.54875,0.0
567,0.5477,0.3756,0.9713,0.8557,0.4864,0.0
568,0.5717,0.3354,0.9553,0.8429,0.47335,0.0
569,0.6117,0.4259,0.9071,0.787,0.53005,0.0
570,0.5523,0.3786,0.8557,0.7505,0.5371,0.0
571,0.5913,0.45604999999999996,0.8031,0.6888,0.4909,0.0
572,0.5513,0.43305,0.7269,0.7042,0.5085,0.0
573,0.493,0.48195,0.6235,0.5979,0.49645,0.0
574,0.5601,0.50765,0.6527,0.5669,0.49565,0.0007
575,0.5982,0.5589999999999999,0.4482,0.4781,0.474,0.9985
576,0.568,0.06874999999999999,1.0,1.0,0.9621,0.0
577,0.4697,0.0002,1.0,1.0,0.8982,0.0
578,0.4525,0.0061,1.0,1.0,0.86595,0.0
579,0.4617,0.02895,1.0,1.0,0.83515,0.0
580,0.51515,0.05015,0.9998,1.0,0.75805,0.0
581,0.5333,0.0658,0.9994,1.0,0.73395,0.0
582,0.5664,0.0896,1.0,1.0,0.7041,0.0
583,0.5282,0.1462,0.9989,1.0,0.6536,0.0
584,0.48464999999999997,0.1688,0.9986,0.9981,0.64915,0.0
585,0.4674,0.16295,0.999,0.991,0.613,0.0
586,0.4619,0.23965,0.9988,0.9799,0.59365,0.0
587,0.4113,0.1716,0.9991,0.964,0.5935,0.0
588,0.427,0.27754999999999996,0.9987,0.9631,0.5892,0.0
589,0.4461,0.3306,0.9904,0.9534,0.54595,0.0
590,0.4091,0.28524999999999995,0.9747,0.918,0.58135,0.0
591,0.4651,0.33135,0.9512,0.8729,0.5139,0.0
592,0.4817,0.29755,0.9321,0.8607,0.4939,0.0
593,0.5161,0.375,0.8881,0.7933,0.55815,0.0
594,0.46425,0.3324,0.8419,0.7564,0.5669,0.0
595,0.5066,0.4017,0.7984,0.6999,0.5201,0.0
596,0.4665,0.38334999999999997,0.74895,0.7165,0.5308999999999999,0.0
597,0.4063,0.4255,0.6661,0.6146,0.51955,0.0
598,0.4513,0.45775,0.6599,0.5769,0.5253,0.0
599,0.4018,0.441,0.5518,0.5219,0.526,0.0015
